,ID,Auteur,Naissance (min),Naissance (max),Mort (min),Mort (max),size
0,ambroise,Ambroise (0340?-0397 ; saint),0340-01-01,0340-01-01,0397-01-01,0397-01-01,8
1,ammian,Ammien Marcellin (0330?-0400?),0330-01-01,0330-01-01,0395-01-01,0395-01-01,3
2,anast,Anastase I (0431?-0518 ; empereur d'Orient),0431-01-01,0431-01-01,0518-01-01,0518-01-01,3
3,antipater,,-0099-01-01,0001-01-01,0001-01-01,0099-01-01,1
4,appius-claudius,,-0399-01-01,-0300-01-01,-0299-01-01,-0200-01-01,1
5,appo,Sidoine Apollinaire (0431?-0487? ; saint),0431-01-01,0431-01-01,0487-01-01,0487-01-01,1
6,apulee,Apulée (0125?-0180?),0125-01-01,0125-01-01,0180-01-01,0180-01-01,3
7,arcadius,Arcadius (0377?-0408 ; empereur d'Orient),0377-01-01,0377-01-01,0408-01-01,0408-01-01,6
8,arist,Apulée (0125?-0180?),-0384-01-01,-0384-01-01,-0322-01-01,-0322-01-01,6
9,aristophane,Aristophane (0445?-0386? av. J.-C.),-0445-01-01,-0445-01-01,-0386-01-01,-0386-01-01,1
10,aristote,Apulée (0125?-0180?),-0384-01-01,-0384-01-01,-0322-01-01,-0322-01-01,21
11,artemidore,Artémidore d'Éphèse (01..-01..?),0100-01-01,0199-01-01,0100-01-01,0199-01-01,1
12,augustin,Augustin (0354-0430 ; saint),0354-01-01,0354-01-01,0430-01-01,0430-01-01,24
13,aulus,Aulu-Gelle (0123?-0180?),0123-01-01,0123-01-01,0180-01-01,0180-01-01,11
14,basile,Basile de Césarée (0329?-0379 ; saint),0329-01-01,0329-01-01,0379-01-01,0379-01-01,4
15,caesar,"César, Jules (0100-0044 av. J.-C.)",-0100-01-01,-0100-01-01,-0044-01-01,-0044-01-01,11
16,cassiod,Cassiodore (0490?-0580?),0490-01-01,0490-01-01,0580-01-01,0580-01-01,10
17,cassius,,0155-01-01,0155-01-01,0235-01-01,0235-01-01,4
18,caton,"Cato, Valerius (0090-0001 av. J.C.)",-0090-01-01,-0090-01-01,-0001-01-01,-0001-01-01,3
19,catulle,Catulle (0087?-0052? av. J.-C.),-0087-01-01,-0087-01-01,-0052-01-01,-0052-01-01,2
20,celse,,0100-01-01,0199-01-01,0100-01-01,0199-01-01,8
21,cicero,Cicéron (0106-0043 av. J.-C.),-0106-01-01,-0106-01-01,-0043-01-01,-0043-01-01,72
22,clem-alex,Clément d'Alexandrie (0150?-021.?),0150-01-01,0150-01-01,0250-01-01,0250-01-01,1
23,clement-1,Clément I (00..-0097? ; pape),0001-01-01,0099-01-01,0101-01-01,0199-01-01,1
24,curtius,Quinte-Curce (00..-00..),0001-01-01,0099-01-01,0001-01-01,0099-01-01,1
25,denis-le-petit,Denys le Petit (0497?-0545?),0497-01-01,0497-01-01,0545-01-01,0545-01-01,1
26,diocletien,Dioclétien (0245-0313 ; empereur romain),0245-01-01,0245-01-01,0313-01-01,0313-01-01,5
27,diod,Diodore de Sicile (0090?-0020? av. J.-C.),-0090-01-01,-0090-01-01,-0020-01-01,-0020-01-01,2
28,ennius,"Ennius, Quintus (0239-0169 av. J.-C.)",-0239-01-01,-0239-01-01,-0169-01-01,-0169-01-01,1
29,firmicus,"Firmicus Maternus, Julius",0300-01-01,0399-01-01,0400-01-01,0499-01-01,1
30,fortunat,Venance Fortunat (0530-0601 ; saint),0530-01-01,0530-01-01,0601-01-01,0601-01-01,1
31,galien,,0131-01-01,0131-01-01,0201-01-01,0201-01-01,1
32,gelase,,0400-01-01,0499-01-01,0500-01-01,0599-01-01,5
33,greg-1,Grégoire I (0540?-0604 ; pape),0540-01-01,0540-01-01,0604-01-01,0604-01-01,6
34,greg-3,,0540-01-01,0540-01-01,0604-01-01,0604-01-01,2
35,halic,Denys d'Halicarnasse (006.? av. J.-C.-0007?),0060-01-01,0069-01-01,0160-01-01,0169-01-01,6
36,heliodore,,0200-01-01,0299-01-01,0200-01-01,0299-01-01,1
37,hermogenien,Hermogenianus (02..-03..),0200-01-01,0299-01-01,0200-01-01,0299-01-01,1
38,herodote,Hérodote (0484?-0420? av. J.-C.),-0484-01-01,-0484-01-01,-0420-01-01,-0420-01-01,3
39,homere,Homère (08..?-08..? av. J.-C.),-0899-01-01,-0800-01-01,-0899-01-01,-0800-01-01,8
40,honorius,Honorius (0384-0423 ; empereur romain),0384-01-01,0384-01-01,0423-01-01,0423-01-01,6
41,horace,Horace (0065-0008 av. J.-C.),-0065-01-01,-0065-01-01,-0008-01-01,-0008-01-01,4
42,hypocrate,Hippocrate (0460-0377 av. J.-C. ; médecin),-0460-01-01,-0460-01-01,-0377-01-01,-0377-01-01,1
43,inno-1,Innocent I (03..-0417 ; pape),0300-01-01,0399-01-01,0400-01-01,0499-01-01,1
44,isidore,Isidore de Séville (0560?-0636 ; saint),0560-01-01,0560-01-01,0636-01-01,0636-01-01,3
45,justinien,Justinien Ier (0482-0565 ; empereur de Byzance),0482-01-01,0482-01-01,0565-01-01,0565-01-01,137
46,labeon,,-0050-01-01,-0050-01-01,0020-01-01,0020-01-01,14
47,lampride,Guillaume de Jumièges (10..-1090?),0300-01-01,0399-01-01,0300-01-01,0399-01-01,4
48,leon-pape,Léon I (039.?-0461 ; pape),0390-01-01,0399-01-01,0490-01-01,0499-01-01,4
49,livius,,-0059-01-01,-0059-01-01,0027-01-01,0027-01-01,6
50,lycurgue,Lycurgue (0390?-0324? av. J.-C.),-0390-01-01,-0390-01-01,-0324-01-01,-0324-01-01,1
51,marculphe,Marcoul (0490?-0558 ; saint),0490-01-01,0490-01-01,0558-01-01,0558-01-01,35
52,martial,Martial (0040?-0104?),0040-01-01,0040-01-01,0104-01-01,0104-01-01,3
53,maximien,,0250-01-01,0250-01-01,0310-01-01,0310-01-01,2
54,modestin,"Modestinus, Herennius",0200-01-01,0299-01-01,0200-01-01,0299-01-01,8
55,neratius,,0001-01-01,0099-01-01,0100-01-01,0199-01-01,4
56,papinien,,0142-01-01,0142-01-01,0212-01-01,0212-01-01,59
57,paulus,"Paulus, Julius (01..-02..)",0100-01-01,0199-01-01,0200-01-01,0299-01-01,29
58,pausanias,Pausanias (01..-01..),0100-01-01,0199-01-01,0100-01-01,0199-01-01,2
59,pelage,Pélage I (0500?-0561 ; pape),0500-01-01,0599-01-01,0600-01-01,0699-01-01,1
60,philon,Philon d'Alexandrie (0030? av. J.-C.-0040?),-0030-01-01,-0030-01-01,0070-01-01,0070-01-01,3
61,platon,Platon (0427?-0348? av. J.-C.),-0427-01-01,-0427-01-01,-0348-01-01,-0348-01-01,22
62,plaute,Plaute (0254-0184 av. J.-C.),-0254-01-01,-0254-01-01,-0184-01-01,-0184-01-01,9
63,pline,Pline le Jeune (0061?-0114?),0061-01-01,0061-01-01,0114-01-01,0114-01-01,25
64,plutarque,Plutarque (0046?-0120?),0046-01-01,0046-01-01,0120-01-01,0120-01-01,27
65,pompeius,Pompée (0075-0035 av. J.-C.),-0075-01-01,-0075-01-01,-0035-01-01,-0035-01-01,1
66,pomponius,,0100-01-01,0199-01-01,0100-01-01,0199-01-01,1
67,quintilien,Quintilien (0030?-0100?),0030-01-01,0030-01-01,0100-01-01,0100-01-01,5
68,s-germain,,0490-01-01,0499-01-01,0590-01-01,0599-01-01,2
69,s-paul,,0001-01-01,0099-01-01,0001-01-01,0099-01-01,15
70,saluste,Salluste (0086-0035 av. J.-C.),-0086-01-01,-0086-01-01,-0035-01-01,-0035-01-01,4
71,salvian,Salvien (0390?-0484?),0390-01-01,0390-01-01,0484-01-01,0484-01-01,3
72,scipion,Scipion l'Africain (0235-0183 av. J.-C.),-0235-01-01,-0235-01-01,-0183-01-01,-0183-01-01,4
73,seneca,Sénèque (0004 av. J.-C.-0065),-0004-01-01,-0004-01-01,0065-01-01,0065-01-01,13
74,servius,"Servius, Maurus Honoratus (0363?-03..)",0363-01-01,0363-01-01,0463-01-01,0463-01-01,4
75,severe,Sévère Alexandre (0208-0235),0208-01-01,0208-01-01,0235-01-01,0235-01-01,5
76,siculus,Siculus Flaccus (01..-.... ; agriculteur),0100-01-01,0199-01-01,0100-01-01,0199-01-01,2
77,silius,"Silius Italicus, Tiberius Catius (0025?-0101)",0025-01-01,0025-01-01,0101-01-01,0101-01-01,1
78,solon,Solon (0640?-0561 av. J.-C.),-0640-01-01,-0640-01-01,-0561-01-01,-0561-01-01,17
79,spartian,"Spartianus, Aelius (03..?-03..?)",0300-01-01,0399-01-01,0300-01-01,0399-01-01,1
80,suetone,Suétone (0069?-0126?),0069-01-01,0069-01-01,0126-01-01,0126-01-01,7
81,tacite,Tacite (0055?-0120?),0055-01-01,0055-01-01,0120-01-01,0120-01-01,24
82,terence,Térence (0190?-0159 av. J.-C.),-0190-01-01,-0190-01-01,-0159-01-01,-0159-01-01,7
83,tertullien,Tertullien (0155?-0222?),0155-01-01,0155-01-01,0222-01-01,0222-01-01,10
84,theophile,Théophile Antecessor (05..-05..),0500-01-01,0599-01-01,0500-01-01,0599-01-01,1
85,thucydide,Thucydide (0460?-0395? av. J.-C.),-0460-01-01,-0460-01-01,-0395-01-01,-0395-01-01,1
86,tite-live,Tite-Live (0059? av. J.-C.-0017),-0059-01-01,-0059-01-01,0017-01-01,0017-01-01,4
87,ulpien,Ulpien (0160-0228),0160-01-01,0160-01-01,0225-01-01,0225-01-01,44
88,valentinien,,0419-01-01,0419-01-01,0455-01-01,0455-01-01,1
89,velleius,"Velleius Paterculus, Caius (0019? av. J.-C.-0031?)",-0019-01-01,-0019-01-01,0031-01-01,0031-01-01,1
90,virgile,Virgile (0070-0019 av. J.-C.),-0070-01-01,-0070-01-01,-0019-01-01,-0019-01-01,10
91,vopiscus,"Vopiscus, Flavius (02..-03..)",0200-01-01,0299-01-01,0300-01-01,0399-01-01,1
92,xenophon,"Vossius, Gerardus Joannes (1577-1649)",-0430-01-01,-0430-01-01,-0355-01-01,-0355-01-01,3
93,zenon,Zénon (0430?-0491 ; empereur d'Orient),0430-01-01,0430-01-01,0491-01-01,0491-01-01,1
