id,ConDÉ name,found,IdRef name,BnF,IdRef,earliest birth,latest birth,earliest death,latest death
cirier,Jean Le Cirier,yes,"Le Cirier, Jean",http://data.bnf.fr/ark:/12148/cb10360726j,http://www.idref.fr/158537432/id,1400,1499,1500,1599
alex-4,Alexandre IV ,yes,Alexandre IV (12..-1261 ; pape),http://data.bnf.fr/ark:/12148/cb10492578h,http://www.idref.fr/094450862/id,1200,1299,,
aristote,Aristote,yes,Apulée (0125?-0180?),http://data.bnf.fr/ark:/12148/cb125686918,http://www.idref.fr/034995145/id,-0384,-0384,-0322,-0322
marculphe,Marculphe,yes,Marcoul (0490?-0558 ; saint),http://data.bnf.fr/ark:/12148/cb15607656v,http://www.idref.fr/186330057/id,0490,0490,0558,0558
bignon,Jérôme Bignon,yes,"Bignon, Jérôme (1589-1656)",http://data.bnf.fr/ark:/12148/cb10300465c,http://www.idref.fr/096271302/id,1589,1589,1656,1656
conring,Conringius,yes,"Conring, Hermann (1606-1681)",http://data.bnf.fr/ark:/12148/cb12378250f,http://www.idref.fr/068527144/id,1606,1606,1681,1681
sirmond,Jacques Sirmond,yes,"Sirmond, Jacques (1559-1651)",http://data.bnf.fr/ark:/12148/cb120719478,http://www.idref.fr/029001498/id,1559,1559,1651,1651
vitalis,Orderic Vital,yes,Orderic Vital (1075-1142?),http://data.bnf.fr/ark:/12148/cb12297338v,http://www.idref.fr/031831591/id,1075,1075,1142,1142
de-roye,François Roye (de),yes,"Roye, François de (....-1686)",http://data.bnf.fr/ark:/12148/cb12535137r,http://www.idref.fr/15340311X/id,1600,1699,,
aemyl,Paolo Emili,yes,"Emili, Paolo (1460-1529)",http://data.bnf.fr/ark:/12148/cb128057150,http://www.idref.fr/030384354/id,1460,1460,1529,1529
loyseau,Charles Loyseau,yes,"Loyseau, Charles (1564-1627)",http://data.bnf.fr/ark:/12148/cb121981282,http://www.idref.fr/03059846X/id,1564,1564,1627,1627
dudo,Dudon Saint Quentin (de),no,,,,0900,0999,,
pithou,Pierre Pithou,yes,"Pithou, Pierre (1539-1596)",http://data.bnf.fr/ark:/12148/cb12072866h,http://www.idref.fr/029013348/id,1539,1539,1596,1596
chopin,René Choppin,yes,"Choppin, René (1537-1606)",http://data.bnf.fr/ark:/12148/cb12519502r,http://www.idref.fr/067055885/id,1537,1537,1606,1606
menage,Gilles Ménage,yes,"Ménage, Gilles (1613-1692)",http://data.bnf.fr/ark:/12148/cb119939169,http://www.idref.fr/028019369/id,1613,1613,1692,1692
skenaeus,John Skene,no,,,,1543,1543,1617,1617
monte,Robert Thorigny (de),yes,Robert de Torigni (1110?-1186),http://data.bnf.fr/ark:/12148/cb11984885w,http://www.idref.fr/027908011/id,1105,1105,1186,1186
justinien,Justinien Ier,yes,Justinien Ier (0482-0565 ; empereur de Byzance),http://data.bnf.fr/ark:/12148/cb12055108q,http://www.idref.fr/027770591/id,0482,0482,0565,0565
philon,Philon d'Alexandrie,yes,Philon d'Alexandrie (0030? av. J.-C.-0040?),http://data.bnf.fr/ark:/12148/cb11919600w,http://www.idref.fr/027070980/id,-0030,-0030,,
anian,Anian,no,,,,none,none,none,none
fauchet,Claude Fauchet,yes,"Fauchet, Claude (1530-1602)",http://data.bnf.fr/ark:/12148/cb11902316j,http://www.idref.fr/026858851/id,1530,1530,1602,1602
du-chesne,André Du Chesne,yes,"Du Chesne, André (1584-1640)",http://data.bnf.fr/ark:/12148/cb12530007b,http://www.idref.fr/034556338/id,1584,1584,1640,1640
dadin,Antoine Dadine d'Auteserre,yes,"Cujas, Jacques (1522-1590)",http://data.bnf.fr/ark:/12148/cb13008755q,http://www.idref.fr/056521499/id,1602,1602,1682,1682
aimoin,Aimoin Fleury (de),yes,Aimoin de Fleury (0965?-1010?),http://data.bnf.fr/ark:/12148/cb125156680,http://www.idref.fr/073948217/id,0965,0965,1010,1010
eginhard,Eginhard ,yes,Eginhard (0770?-0840),http://data.bnf.fr/ark:/12148/cb11930094n,http://www.idref.fr/027209040/id,0770,0770,0840,0840
cujas,Jacques Cujas,yes,"Cujas, Jacques (1522-1590)",http://data.bnf.fr/ark:/12148/cb13008755q,http://www.idref.fr/056521499/id,1522,1522,1590,1590
nithard,Nithard,yes,Nithard (0800?-0844),http://data.bnf.fr/ark:/12148/cb12292389j,http://www.idref.fr/03177038X/id,0800,0800,0844,0844
bureus,Anders Bure,no,,,,1571,1571,1646,1646
herold,Johann Berthold Herold,no,,,,none,none,none,none
agobard,Agobard,yes,Agobard (0779-0840 ; saint),http://data.bnf.fr/ark:/12148/cb13194949d,http://www.idref.fr/035531282/id,0779,0779,0840,0840
glanville,Ranulph Glanville (de),yes,"Glanville, Ranulph de (11..-1190?)",http://data.bnf.fr/ark:/12148/cb123090302,http://www.idref.fr/110882946/id,1100,1199,,
littleton,Thomas Littleton,yes,"Littleton, Thomas (1422?-1481)",http://data.bnf.fr/ark:/12148/cb12424635t,http://www.idref.fr/068634439/id,1422,1422,1481,1481
le-rouille,Guillaume Le Rouillé,yes,"Le Rouillé, Guillaume (1494-1555)",http://data.bnf.fr/ark:/12148/cb10551127m,http://www.idref.fr/14848011X/id,1494,1494,1550,1550
breton,Guillaume Le Breton,yes,Guillaume le Breton (1165?-1226?),http://data.bnf.fr/ark:/12148/cb12989832n,http://www.idref.fr/033453667/id,1165,1165,1226,1226
fontaines,Pierre Fontaines (de),no,,,,1200,1299,1200,1299
brodeau,Julien Brodeau,no,,,,1585,1585,1653,1653
arg,Bertrand Argentré (d'),yes,"Argentré, Bertrand d' (1519-1590)",http://data.bnf.fr/ark:/12148/cb125453752,http://www.idref.fr/067055745/id,1519,1519,1590,1590
goveanus,Antonio Gouveia (de),yes,"Gouveia, Antonio de (1505?-1566?)",http://data.bnf.fr/ark:/12148/cb11905592x,http://www.idref.fr/061743828/id,1505,1505,1566,1566
duaren,François Douaren,yes,"Douaren, François (1509-1559)",http://data.bnf.fr/ark:/12148/cb10667198z,http://www.idref.fr/06892674X/id,1509,1509,1559,1559
greg-tolo,Pierre Grégoire,yes,"Grégoire, Pierre (1540 ?-1597)",http://data.bnf.fr/ark:/12148/cb12200220z,http://www.idref.fr/030623677/id,1540,1540,1597,1597
coquille,Guy Coquille,yes,"Coquille, Guy (1523-1603)",http://data.bnf.fr/ark:/12148/cb121034609,http://www.idref.fr/029398568/id,1523,1523,1603,1603
mornac,Antoine Mornac,yes,"Mornac, Antoine (1554-1619)",http://data.bnf.fr/ark:/12148/cb10365758c,http://www.idref.fr/069661006/id,1554,1554,1619,1619
baro,Éguiner-François Baron,yes,"Baron, Éguiner-François (1495?-1550 ; jurisconsulte)",http://data.bnf.fr/ark:/12148/cb13548492s,http://www.idref.fr/14673128X/id,1495,1495,1550,1550
bartole,Bartole,yes,Bartolus de Saxoferrato (1314?-1357),http://data.bnf.fr/ark:/12148/cb12112604b,http://www.idref.fr/029514568/id,1314,1314,1357,1357
faber-joannes,Jean Faure,yes,"Faure, Jean (12..-1340?)",http://data.bnf.fr/ark:/12148/cb12563920c,http://www.idref.fr/086271733/id,1200,1299,,
papae,Gui Papé,yes,"Pape, Guy (14..-1477)",http://data.bnf.fr/ark:/12148/cb12198130m,http://www.idref.fr/067721346/id,1400,1499,,
fevret,Charles Févret,no,,,,1583,1583,1661,1661
bohier,Nicolas Bohier,yes,"Bohier, Nicolas (1469-1539)",http://data.bnf.fr/ark:/12148/cb136136486,http://www.idref.fr/055840582/id,1469,1469,1539,1539
aufreri,Étienne Aufreri,yes,"Aufreri, Etienne (1485?-1511)",http://data.bnf.fr/ark:/12148/cb12210796s,http://www.idref.fr/030755492/id,1485,1485,1511,1511
du-moulin, Charles Du Moulin,yes,"Du Moulin, Charles (1500-1566)",http://data.bnf.fr/ark:/12148/cb12198126c,http://www.idref.fr/030598443/id,1500,1500,1566,1566
rebuffe,Pierre Rebuffe,yes,"Rebuffi, Pierre (1487-1557)",http://data.bnf.fr/ark:/12148/cb13006261s,http://www.idref.fr/033765227/id,1487,1487,1557,1557
louet,Georges Loüet,yes,"Loüet, Georges (1540?-1608)",http://data.bnf.fr/ark:/12148/cb13481115g,http://www.idref.fr/067009328/id,1540,1540,1608,1608
le-prestre,Claude Le Prestre,no,,,,1611,1611,1694,1694
cicero,Cicéron,yes,Cicéron (0106-0043 av. J.-C.),http://data.bnf.fr/ark:/12148/cb11885977m,http://www.idref.fr/02665234X/id,-0106,-0106,-0043,-0043
berault,Josias Bérault,yes,"Berault, Josias (1563-1640)",http://data.bnf.fr/ark:/12148/cb125347402,http://www.idref.fr/034609067/id,1563,1563,1640,1640
quintilien,Quintilien,yes,Quintilien (0030?-0100?),http://data.bnf.fr/ark:/12148/cb11887333t,http://www.idref.fr/026668580/id,0030,0030,0100,0100
pline,Pline le Jeune,yes,Pline le Jeune (0061?-0114?),http://data.bnf.fr/ark:/12148/cb11920050t,http://www.idref.fr/027076474/id,0061,0061,0114,0114
tacite,Tacite,yes,Tacite (0055?-0120?),http://data.bnf.fr/ark:/12148/cb11887667z,http://www.idref.fr/026672316/id,0055,0055,0120,0120
scipion,Scipion l'Africain,yes,Scipion l'Africain (0235-0183 av. J.-C.),http://data.bnf.fr/ark:/12148/cb12651580m,http://www.idref.fr/050595741/id,-0235,-0235,-0183,-0183
inno-3,Innocent III,yes,Innocent III (1160-1216 ; pape),http://data.bnf.fr/ark:/12148/cb12000085n,http://www.idref.fr/028098552/id,0806,0806,0882,0882
expil,Claude Expilly,yes,"Expilly, Claude (1561-1636)",http://data.bnf.fr/ark:/12148/cb130104524,http://www.idref.fr/189963263/id,1561,1561,1636,1636
rosin,Johann Roszfeld,yes,"Rosinus, Joannes (1551-1626)",http://data.bnf.fr/ark:/12148/cb120729701,http://www.idref.fr/029014867/id,1551,1551,1626,1626
lipse,Juste Lipse,yes,"Budé, Guillaume (1468-1540)",http://data.bnf.fr/ark:/12148/cb12073087h,http://www.idref.fr/029016266/id,1547,1547,1606,1606
olive,Simon Olive Du Mesnil (d'),yes,"Olive Du Mesnil, Simon d' (1584-1647)",http://data.bnf.fr/ark:/12148/cb15110779f,http://www.idref.fr/05945203X/id,1500,1599,,
bacq,Jean Bacquet,no,,,,1500,1599,,
godefroy,Jacques Godefroy,yes,"Godefroy, Jacques (1587-1652)",http://data.bnf.fr/ark:/12148/cb12373093z,http://www.idref.fr/03276491X/id,1587,1587,1652,1652
alex-3,Alexandre III,no,,,,1105,1105,1181,1181
pontanus,Denys Du Pont,yes,"Du Pont, Denys (16..-....)",http://data.bnf.fr/ark:/12148/cb10306701d,http://www.idref.fr/151460884/id,1400,1499,1500,1599
baronius,Cesare Baronio,yes,"Baronius, Caesar (1538-1607)",http://data.bnf.fr/ark:/12148/cb12496266x,http://www.idref.fr/034178023/id,1538,1538,1607,1607
dominici,Marc-Antoine Dominicy,yes,"Dominicy, Marc-Antoine (15..-1650?)",http://data.bnf.fr/ark:/12148/cb121196417,http://www.idref.fr/067721478/id,1500,1599,,
crantsius,Albert Krantz,yes,"Krantz, Albert (1448-1517)",http://data.bnf.fr/ark:/12148/cb13614471d,http://www.idref.fr/05655513X/id,1448,1448,1517,1517
la-lande,Jacques La Lande (de),yes,"La Lande, Jacques de (1622-1703)",http://data.bnf.fr/ark:/12148/cb13484754r,http://www.idref.fr/035576995/id,1622,1622,1703,1703
pausanias,Pausanias,yes,Pausanias (01..-01..),http://data.bnf.fr/ark:/12148/cb11918834h,http://www.idref.fr/028159969/id,0100,0199,0100,0199
ragueau,François Ragueau,no,,,,1500,1599,,
bouteiller,Jean Boutillier,yes,"Boutillier, Jean (13..-1395)",http://data.bnf.fr/ark:/12148/cb123206826,http://www.idref.fr/068528663/id,1300,1399,,
salvian,Salvien,yes,Salvien (0390?-0484?),http://data.bnf.fr/ark:/12148/cb13162798z,http://www.idref.fr/027397793/id,0390,0390,0484,0484
fabri,Antoine Favre,yes,"Favre, Antoine (1557-1624)",http://data.bnf.fr/ark:/12148/cb13485043d,http://www.idref.fr/06969883X/id,1557,1557,1624,1624
covar,Covarruvias,yes,"Covarrubias, Diego de (1512-1577)",http://data.bnf.fr/ark:/12148/cb121880842,http://www.idref.fr/030472555/id,1512,1512,1577,1577
agrippa,none,yes,"Agrippa, Henri Corneille (1486-1535)",http://data.bnf.fr/ark:/12148/cb11888193c,http://www.idref.fr/026678942/id,1486,1486,1535,1535
tiraqueau,André Tiraqueau,yes,"Tiraqueau, André (1480?-1558)",http://data.bnf.fr/ark:/12148/cb12095542t,http://www.idref.fr/029299462/id,1480,1480,1558,1558
papinien,Papinien,no,,,,0142,0142,0212,0212
arist,Aristote,yes,Apulée (0125?-0180?),http://data.bnf.fr/ark:/12148/cb125686918,http://www.idref.fr/034995145/id,-0384,-0384,-0322,-0322
maynard,Géraud  Maynard (de),no,,,,1537,1537,1607,1607
ferron,Arnoul Le Ferron,yes,"Le Ferron, Arnoul (1515-1563)",http://data.bnf.fr/ark:/12148/cb16680267h,http://www.idref.fr/11797725X/id,1515,1515,1563,1563
stanford,William Staunford,no,,,,1509,1509,1558,1558
galli,Jean Le Coq,no,,,,1300,1399,,
chaline, Paul  Chaline,no,,,,1609,1609,1681,1681
theveneau,Adam Théveneau,yes,"Théveneau, Adam (15..-16..)",http://data.bnf.fr/ark:/12148/cb121829901,http://www.idref.fr/030410886/id,1500,1599,1600,1699
loysel,Antoine Loisel,yes,"Loisel, Antoine (1536-1617 ; avocat)",http://data.bnf.fr/ark:/12148/cb12621528w,http://www.idref.fr/026993104/id,1564,1564,1627,1627
bracton,Henry Bracton (de),yes,"Bracton, Henry de (1210-1268)",http://data.bnf.fr/ark:/12148/cb13092404d,http://www.idref.fr/067059279/id,1210,1210,1268,1268
terrien,Guillaume Terrien,yes,"Terrien, Guillaume (15..-1574)",http://data.bnf.fr/ark:/12148/cb11648500g,http://www.idref.fr/08019673X/id,1500,1599,,
du-fresne,Jean Du Fresne,yes,"Du Fresne, Jean",http://data.bnf.fr/ark:/12148/cb10349717b,http://www.idref.fr/143089773/id,1500,1599,,
s-cyprien, Cyprien (saint) ,yes,Kiprian (133.-1406 ; saint),http://data.bnf.fr/ark:/12148/cb12094229j,http://www.idref.fr/029282454/id,1330,1339,,
gratien,Gratien,yes,Gratien (11..?-1160?),http://data.bnf.fr/ark:/12148/cb12187691r,http://www.idref.fr/030468043/id,1100,1199,,
papon,Jean Papon,yes,"Papon, Jean (1505-1590)",http://data.bnf.fr/ark:/12148/cb137497899,http://www.idref.fr/071215565/id,1505,1505,1590,1590
chenu,Jean Chenu,yes,"Chenu, Jean (1559-1627)",http://data.bnf.fr/ark:/12148/cb15538602m,http://www.idref.fr/071215522/id,1559,1559,1627,1627
bouguier,Jean Bouguier,yes,"Bouguier, Jean (15..-16..)",http://data.bnf.fr/ark:/12148/cb106800434,http://www.idref.fr/078960177/id,1500,1599,,
arq,Arq.,no,,,,none,none,none,none
ferrer,Jacques Ferrières (de),yes,"Ferrières, Jacques de (15..-1651)",http://data.bnf.fr/ark:/12148/cb135690674,http://www.idref.fr/052618285/id,1500,1599,,
bud,Guillaume Budé,yes,"Budé, Guillaume (1468-1540)",http://data.bnf.fr/ark:/12148/cb12073087h,http://www.idref.fr/029016266/id,1468,1468,1540,1540
lampride,Lampride,yes,Guillaume de Jumièges (10..-1090?),http://data.bnf.fr/ark:/12148/cb122973334,http://www.idref.fr/031831532/id,0300,0399,0300,0399
bergier,Nicolas Bergier,yes,"Bergier, Nicolas (1567-1623)",http://data.bnf.fr/ark:/12148/cb12160484t,http://www.idref.fr/030126339/id,1567,1567,1623,1623
andegav,Pierre Ayrault,yes,"Ayrault, Pierre (1536-1601)",http://data.bnf.fr/ark:/12148/cb13475843d,http://www.idref.fr/035146389/id,1536,1536,1601,1601
connan,François Connan,yes,"Connan, François de (1508-1551)",http://data.bnf.fr/ark:/12148/cb10496506m,http://www.idref.fr/111859298/id,1508,1508,1551,1551
homere,Homère,yes,Homère (08..?-08..? av. J.-C.),http://data.bnf.fr/ark:/12148/cb11907688f,http://www.idref.fr/026924005/id,-0899,-0800,-0899,-0800
virgile,Virgile,yes,Virgile (0070-0019 av. J.-C.),http://data.bnf.fr/ark:/12148/cb11887823w,http://www.idref.fr/026674327/id,-0070,-0070,-0019,-0019
goncanus,Goncanus,no,,,,none,none,none,none
bodin,Jean Bodin,yes,"Bignon, Jérôme (1589-1656)",http://data.bnf.fr/ark:/12148/cb10300465c,http://www.idref.fr/096271302/id,1530,1530,1596,1596
martini,Martinus Martinius,yes,"Martini, Martino (1614-1661)",http://data.bnf.fr/ark:/12148/cb14594265j,http://www.idref.fr/060763167/id,1614,1614,1661,1661
hotman,François Hotman,yes,"Hotman, François (1524-1590)",http://data.bnf.fr/ark:/12148/cb11907760b,http://www.idref.fr/03245211X/id,1524,1524,1590,1590
febur,Febur.,no,,,,none,none,none,none
bald,Balde,yes,Baldus de Ubaldis (1327?-1400),http://data.bnf.fr/ark:/12148/cb12400179p,http://www.idref.fr/033101116/id,1327,1327,1400,1400
herauld,Didier Hérauld,yes,"Hérauld, Didier (1579-1649)",http://data.bnf.fr/ark:/12148/cb122899483,http://www.idref.fr/031740375/id,1579,1579,1649,1649
pommeraye,Jean-François Pommeraye,no,,,,1617,1617,1687,1687
caesar,Jules César ,yes,"César, Jules (0100-0044 av. J.-C.)",http://data.bnf.fr/ark:/12148/cb11894764p,http://www.idref.fr/027303136/id,-0100,-0100,-0044,-0044
arerac,Jean  Arrérac (d'),no,,,,1500,1599,1600,1699
charles-2,Charles II,yes,Charles II (0823-0877 ; roi des Francs),http://data.bnf.fr/ark:/12148/cb120822364,http://www.idref.fr/027378357/id,0823,0823,0877,0877
hincmar,Hincmar de Rheims,yes,Hincmar (0806?-0882),http://data.bnf.fr/ark:/12148/cb120835006,http://www.idref.fr/029149207/id,0806,0806,0882,0882
le-fevre,Louis Chantereau Le Febvre,yes,"Chantereau Le Febvre, Louis (1588-1658 ; historien)",http://data.bnf.fr/ark:/12148/cb13010703r,http://www.idref.fr/129906204/id,1588,1588,1658,1658
diacre,Paul Diacre,yes,Paul Diacre (0720?-0799?),http://data.bnf.fr/ark:/12148/cb119188277,http://www.idref.fr/027060950/id,0720,0720,0799,0799
niger,Gerardo Cacapisti ,no,,,,1150,1150,1180,1180
oldradus,Oldradus de Ponte,yes,Oldradus de Ponte (12..-1335?),http://data.bnf.fr/ark:/12148/cb12222435f,http://www.idref.fr/085797294/id,1200,1299,,
flodoard,Flodoard de Reims,yes,Flodoard (0894?-0966),http://data.bnf.fr/ark:/12148/cb12072570x,http://www.idref.fr/029009340/id,0894,0894,0966,0966
s-germain,Germain (saint),no,,,,0490,0499,,
jumieges,Guillaume Jumièges (de),yes,Guillaume de Jumièges (10..-1090?),http://data.bnf.fr/ark:/12148/cb122973334,http://www.idref.fr/031831532/id,1000,1099,,
tertullien,Tertullien,yes,Tertullien (0155?-0222?),http://data.bnf.fr/ark:/12148/cb11926244w,http://www.idref.fr/027398153/id,0155,0155,0222,0222
artemidore,Artemidore d'Éphèse,yes,Artémidore d'Éphèse (01..-01..?),http://data.bnf.fr/ark:/12148/cb13091333g,http://www.idref.fr/026692538/id,0100,0199,0100,0199
turnebe,Adrien Turnèbe,yes,"Turnèbe, Adrien (1512-1565)",http://data.bnf.fr/ark:/12148/cb122407089,http://www.idref.fr/031131964/id,1512,1512,1565,1565
troncon,Jean Tronçon,yes,"Tronçon, Jean (15..?-16.. ; juriste)",http://data.bnf.fr/ark:/12148/cb150092357,http://www.idref.fr/172526779/id,1500,1599,1600,1699
le-bret,Cardin Le Bret,no,,,,1558,1558,1655,1655
s-michel,Michel (saint),no,,,,none,none,none,none
bouvot,Job Bouvot,yes,"Bouvot, Job (1558-1636 ; protestant)",http://data.bnf.fr/ark:/12148/cb10211063v,http://www.idref.fr/07014379X/id,1558,1558,1636,1636
afflito,Matteo D'Afflito,yes,"D'Afflitto, Matteo (1450?-1520?)",http://data.bnf.fr/ark:/12148/cb12198154m,http://www.idref.fr/068528825/id,1448,1448,1523,1523
spelman,Henry Spelman,no,,,,1564,1564,1641,1641
du-luc,Jean Du Luc,no,,,,1500,1599,1600,1699
ricard,Jean-Marie Ricard,yes,"Ricard, Jean-Marie (1622-1678)",http://data.bnf.fr/ark:/12148/cb10482928v,http://www.idref.fr/069364664/id,1622,1622,1678,1678
harmenop,Constantin Harménopoulos,yes,"Harménopoulos, Constantin (1320-1383?)",http://data.bnf.fr/ark:/12148/cb123479646,http://www.idref.fr/032452705/id,1320,1320,1383,1383
masuer,Jean Masuer,yes,"Masuer, Jean (1380?-1450)",http://data.bnf.fr/ark:/12148/cb102473612,http://www.idref.fr/081014481/id,1380,1380,1450,1450
ulpien,Ulpien,yes,Ulpien (0160-0228),http://data.bnf.fr/ark:/12148/cb14639343n,http://www.idref.fr/067309569/id,0160,0160,0225,0225
coras,Jean Coras (de),yes,"Coras, Jean de (1515-1572)",http://data.bnf.fr/ark:/12148/cb12136420d,http://www.idref.fr/029818109/id,1515,1515,1572,1572
monachus,Jean Lemoine,yes,Jean Lemoine (1250?-1313),http://data.bnf.fr/ark:/12148/cb13164230f,http://www.idref.fr/081578768/id,1250,1250,1313,1313
pomarius,Johann Baumgarten,no,,,,1514,1514,1578,1578
vander-hagen,Johann Angelius Werdenhagen (von),yes,"Werdenhagen, Johann Angelius von (1581-1652)",http://data.bnf.fr/ark:/12148/cb125732241,http://www.idref.fr/035048905/id,1581,1581,1652,1652
cambol,Jean Cambolas (de),yes,"Cambolas, Jean de (1565-1633)",http://data.bnf.fr/ark:/12148/cb12900519s,http://www.idref.fr/066970784/id,1565,1565,1633,1633
chass,Barthélémy  Chasseneux (de) ,yes,"Chasseneux, Barthélémy de (1480-1541)",http://data.bnf.fr/ark:/12148/cb12176491r,http://www.idref.fr/030326478/id,1480,1480,1541,1541
diocletien,Dioclétien,yes,Dioclétien (0245-0313 ; empereur romain),http://data.bnf.fr/ark:/12148/cb121834979,http://www.idref.fr/030417112/id,0245,0245,0313,0313
daniel,Pierre Daniel,no,,,,1500,1599,1600,1699
lehman,Christoph Lehman,no,,,,1494,1494,1550,1550
charondas,Louis  Le Caron,yes,"Le Caron, Louis (1534-1613)",http://data.bnf.fr/ark:/12148/cb12510806s,http://www.idref.fr/034343431/id,1534,1534,1613,1613
guenois,Pierre Guénois,yes,"Guénois, Pierre (1520-1600?)",http://data.bnf.fr/ark:/12148/cb10355026m,http://www.idref.fr/085615587/id,1520,1520,1600,1600
masurier,Masurier,no,,,,none,none,none,none
le-maistre,Gilles Le Maistre,yes,"Le Maistre, Gilles (1499?-1562)",http://data.bnf.fr/ark:/12148/cb10570845n,http://www.idref.fr/087552159/id,1499,1499,1562,1562
greg-tours,Grégoire de Tours,yes,Grégoire de Tours (0538-0594 ; saint),http://data.bnf.fr/ark:/12148/cb11905825m,http://www.idref.fr/026902133/id,1540,1540,1597,1597
chartier,Alexis Chartier,no,,,,none,none,none,none
monstrelet, Enguerrand Monstrelet (de),yes,"Monstrelet, Enguerrand de (1390?-1453)",http://data.bnf.fr/ark:/12148/cb12463040b,http://www.idref.fr/033810141/id,1573,1573,1640,1640
diod,Diodore de Sicile,yes,Diodore de Sicile (0090?-0020? av. J.-C.),http://data.bnf.fr/ark:/12148/cb11900233c,http://www.idref.fr/026832682/id,-0090,-0090,-0020,-0020
apulee,Apulée,yes,Apulée (0125?-0180?),http://data.bnf.fr/ark:/12148/cb125686918,http://www.idref.fr/034995145/id,0125,0125,0180,0180
seneca,Sénèque,yes,Sénèque (0004 av. J.-C.-0065),http://data.bnf.fr/ark:/12148/cb11887555p,http://www.idref.fr/026670984/id,-0004,-0004,0065,0065
terence,Térence,yes,Térence (0190?-0159 av. J.-C.),http://data.bnf.fr/ark:/12148/cb118876898,http://www.idref.fr/026672588/id,-0190,-0190,-0159,-0159
horace,Horace,yes,Horace (0065-0008 av. J.-C.),http://data.bnf.fr/ark:/12148/cb11886570b,http://www.idref.fr/026659166/id,-0065,-0065,-0008,-0008
tite-live,Tite-Live,yes,Tite-Live (0059? av. J.-C.-0017),http://data.bnf.fr/ark:/12148/cb11886799m,http://www.idref.fr/026662019/id,-0059,-0059,0017,0017
ald,Ald. Manut.,no,,,,none,none,none,none
spartian,Aelius Spartianus,yes,"Spartianus, Aelius (03..?-03..?)",http://data.bnf.fr/ark:/12148/cb104864618,http://www.idref.fr/130559571/id,0300,0399,0300,0399
const,Constantin VII,yes,Constantin VII (0905-0959 ; empereur de Byzance),http://data.bnf.fr/ark:/12148/cb12349759j,http://www.idref.fr/032474482/id,0905,0905,0959,0959
zacharie,Zacharie I,yes,Zacharie (....-0752 ; saint),http://data.bnf.fr/ark:/12148/cb10638204p,http://www.idref.fr/081065639/id,0600,0699,,
pelage,Pélage Ier,yes,Pélage I (0500?-0561 ; pape),http://data.bnf.fr/ark:/12148/cb101353120,http://www.idref.fr/113894953/id,0500,0599,,
acosta,José Acosta (de),yes,"Acosta, José de (1540-1600)",http://data.bnf.fr/ark:/12148/cb118880577,http://www.idref.fr/026677229/id,1540,1540,1600,1600
blondus,Flavio Biondo,yes,"Blondus, Flavius (1388?-1463)",http://data.bnf.fr/ark:/12148/cb12431564m,http://www.idref.fr/033451672/id,1388,1388,1463,1463
gelase, Gélase Ier,no,,,,0400,0499,,
clement-3,Clément III,yes,Clément III (11..-1191 ; pape),http://data.bnf.fr/ark:/12148/cb13195633f,http://www.idref.fr/13381386X/id,1100,1199,,
frigentius,Frigentius,no,,,,none,none,none,none
greg-1, Grégoire Ier,yes,Grégoire I (0540?-0604 ; pape),http://data.bnf.fr/ark:/12148/cb11886472r,http://www.idref.fr/026657929/id,0540,0540,0604,0604
fillesac,Fillesac,no,,,,none,none,none,none
marca,Pierre Marca (de),yes,"Marca, Pierre de (1594-1662)",http://data.bnf.fr/ark:/12148/cb12623327g,http://www.idref.fr/050121537/id,1594,1594,1662,1662
thucydide,Thucydide,yes,Thucydide (0460?-0395? av. J.-C.),http://data.bnf.fr/ark:/12148/cb119266111,http://www.idref.fr/02716280X/id,-0460,-0460,-0395,-0395
bened,Guillaume Benoît,yes,"Benoît, Guillaume (1455-1516)",http://data.bnf.fr/ark:/12148/cb15542473b,http://www.idref.fr/133860574/id,1455,1455,1516,1516
bonif,Boniface VIII,yes,Boniface VIII (1235?-1303 ; pape),http://data.bnf.fr/ark:/12148/cb12128117z,http://www.idref.fr/029716721/id,1235,1235,1303,1303
matt-paris,Matthieu Paris,yes,Matthieu Paris (1200?-1259),http://data.bnf.fr/ark:/12148/cb118872070,http://www.idref.fr/026667150/id,1200,1200,1259,1259
bertrandus,Étienne Bertrand,no,,,,1434,1434,1516,1516
isidore,Isidore de Séville,yes,Isidore de Séville (0560?-0636 ; saint),http://data.bnf.fr/ark:/12148/cb119082935,http://www.idref.fr/026931494/id,0560,0560,0636,0636
alciat,André Alciat,yes,"Alciat, André (1492-1550)",http://data.bnf.fr/ark:/12148/cb12007984g,http://www.idref.fr/02819540X/id,1492,1492,1550,1550
jason,Giasone Del Maino,yes,"Del Maino, Giasone (1435-1519)",http://data.bnf.fr/ark:/12148/cb12528679k,http://www.idref.fr/034541098/id,1435,1435,1519,1519
fachin,Andreas Fachineus,no,,,,1500,1599,,
zasius,Johann Ulrich Zasius,yes,"Zasius, Ulrich (1461-1536)",http://data.bnf.fr/ark:/12148/cb124624975,http://www.idref.fr/067035345/id,1461,1461,1535,1535
orto,Obertus de Orto,no,,,,1100,1199,,
radevicus,Rahewin de Freising,yes,Rahewin de Freising (11..-117.),http://data.bnf.fr/ark:/12148/cb12055830t,http://www.idref.fr/028796500/id,1100,1199,1170,1179
honorius,Honorius,yes,Honorius (0384-0423 ; empereur romain),http://data.bnf.fr/ark:/12148/cb12566387q,http://www.idref.fr/034969039/id,0384,0384,0423,0423
arcadius,Arcadius,yes,Arcadius (0377?-0408 ; empereur d'Orient),http://data.bnf.fr/ark:/12148/cb12356604g,http://www.idref.fr/032559453/id,0377,0377,0408,0408
casau,Isaac Casaubon,yes,"Casaubon, Isaac (1559-1614)",http://data.bnf.fr/ark:/12148/cb12007816q,http://www.idref.fr/028193458/id,1559,1559,1614,1614
vopiscus,Flavius Vopiscus,yes,"Vopiscus, Flavius (02..-03..)",http://data.bnf.fr/ark:/12148/cb131840231,http://www.idref.fr/035355654/id,0200,0299,0300,0399
augustin,Augustin (saint),yes,Augustin (0354-0430 ; saint),http://data.bnf.fr/ark:/12148/cb11889551s,http://www.idref.fr/027280896/id,0354,0354,0430,0430
freherus,Marquard Freher,yes,"Freher, Marquard (1565-1614)",http://data.bnf.fr/ark:/12148/cb12121032w,http://www.idref.fr/029624037/id,1565,1565,1614,1614
adrien-pape,Adrien (pape) ,no,,,,none,none,none,none
freising,Otton Freising (de),yes,Otton de Freising (1111?-1158),http://data.bnf.fr/ark:/12148/cb120558315,http://www.idref.fr/028796519/id,1112,1112,1158,1158
velserus, Marcus Welser,yes,"Welser, Marcus (1558-1614)",http://data.bnf.fr/ark:/12148/cb121365947,http://www.idref.fr/029820243/id,1558,1558,1614,1614
thegan,Thégan,yes,Thégan (0800?-0849?),http://data.bnf.fr/ark:/12148/cb134857889,http://www.idref.fr/035616172/id,0800,0800,0849,0849
rheginon,Reginon de Prüm,yes,Réginon de Prüm (0840?-0915),http://data.bnf.fr/ark:/12148/cb13753355n,http://www.idref.fr/081956681/id,0840,0840,0915,0915
miraeus,Aubert Le Mire,yes,"Le Mire, Aubert (1573-1640)",http://data.bnf.fr/ark:/12148/cb12546572t,http://www.idref.fr/067069231/id,1573,1573,1640,1640
clugny,Odon Cluny (de),yes,Odon de Cluny (0879?-0942 ; saint),http://data.bnf.fr/ark:/12148/cb12555920n,http://www.idref.fr/084978619/id,0879,0879,0942,0942
agiles,Raymond Aiguilhe (d'),yes,Raymond d'Aiguilhe (10..-11..),http://data.bnf.fr/ark:/12148/cb12176626v,http://www.idref.fr/030328039/id,1000,1099,1100,1199
cazeneuve,Pierre Caseneuve (de) ,yes,"Caseneuve, Pierre de (1591-1652)",http://data.bnf.fr/ark:/12148/cb12205930d,http://www.idref.fr/030694728/id,1591,1591,1652,1652
pithou-fran,François Pithou,yes,"Pithou, François (1543-1621)",http://data.bnf.fr/ark:/12148/cb12927246z,http://www.idref.fr/067069703/id,1539,1539,1596,1596
lindem,Fridericus Lindenbrogius,yes,"Lindenbrog, Friedrich (1573-1648)",http://data.bnf.fr/ark:/12148/cb12621239q,http://www.idref.fr/087212218/id,1573,1573,1648,1648
s-dominique,Dominique (saint),yes,Dominique (1170-1221 ; saint),http://data.bnf.fr/ark:/12148/cb12040448c,http://www.idref.fr/028601726/id,1170,1179,,
salvaing,Denis  Salvaing de Boissieu (de) ,yes,"Salvaing de Boissieu, Denis de (1600-1683)",http://data.bnf.fr/ark:/12148/cb13015146k,http://www.idref.fr/059437332/id,1600,1600,1683,1683
couvellus,John Cowell,yes,"Cowell, John (1554-1611 ; juriste)",http://data.bnf.fr/ark:/12148/cb120630054,http://www.idref.fr/02888762X/id,1554,1554,1611,1611
vossius,Gérard Jean Vossius,yes,"Vossius, Gerardus Joannes (1577-1649)",http://data.bnf.fr/ark:/12148/cb12080638f,http://www.idref.fr/029112540/id,1577,1577,1649,1649
basm,Jean Basmaison Pougnet (de),yes,"Basmaison-Pougnet, Jean de (1535?-1600?)",http://data.bnf.fr/ark:/12148/cb106270129,http://www.idref.fr/114397430/id,1530,1530,1600,1600
claro,Giulio Claro,yes,"Clarus, Julius (1525-1575)",http://data.bnf.fr/ark:/12148/cb12400251k,http://www.idref.fr/033101957/id,1525,1525,1575,1575
guntherus,Gunther de Pairis,yes,Gunther de Pairis (1150-1220),http://data.bnf.fr/ark:/12148/cb12112509s,http://www.idref.fr/029513243/id,1150,1150,1220,1220
selden,John Selden,yes,"Selden, John (1584-1654)",http://data.bnf.fr/ark:/12148/cb121573783,http://www.idref.fr/030086760/id,1584,1584,1654,1654
davir,Jacques Aviron Le Batelier (d'),yes,"Aviron, Jacques Le Batelier d' (....-1590?)",http://data.bnf.fr/ark:/12148/cb13487322r,http://www.idref.fr/079821251/id,1500,1599,,
modestin,none,yes,"Modestinus, Herennius",http://data.bnf.fr/ark:/12148/cb13486846w,http://www.idref.fr/145299961/id,0200,0299,0200,0299
balsamon,Théodore Balsamon,yes,"Balsamon, Théodore (1140?-1195?)",http://data.bnf.fr/ark:/12148/cb12083973h,http://www.idref.fr/080448569/id,1140,1140,1195,1195
denis-le-petit,Denis le Petit,yes,Denys le Petit (0497?-0545?),http://data.bnf.fr/ark:/12148/cb11929838b,http://www.idref.fr/027206009/id,0497,0497,0545,0545
poly-vir,Polydore Virgile,yes,Plutarque (0046?-0120?),http://data.bnf.fr/ark:/12148/cb119200813,http://www.idref.fr/027076784/id,1470,1470,1555,1555
bereng,Bérenger Fernand,no,,,,1500,1599,,
sainson,Jean Sainson,no,,,,1400,1499,1500,1599
corte,Rocco Corte,yes,"Corte, Rocco (14..-15..)",http://data.bnf.fr/ark:/12148/cb10235284r,http://www.idref.fr/155053256/id,1500,1599,1500,1599
cittadini,Paolo Cittadini,no,,,,1400,1499,,
saluste,Salluste,yes,Salluste (0086-0035 av. J.-C.),http://data.bnf.fr/ark:/12148/cb11887462p,http://www.idref.fr/02666996X/id,-0086,-0086,-0035,-0035
marechal,Mathias Mareschal,no,,,,1600,1699,1600,1699
fortunat,Venance Fortunat,yes,Venance Fortunat (0530-0601 ; saint),http://data.bnf.fr/ark:/12148/cb12162548q,http://www.idref.fr/03015197X/id,0530,0530,0601,0601
heliodore,Héliodore de Larisse,no,,,,0200,0299,0200,0299
decius,Filippo Decio,yes,"Decio, Filippo (1454-1535)",http://data.bnf.fr/ark:/12148/cb13325793g,http://www.idref.fr/068525257/id,1454,1454,1535,1535
s-matthieu,Matthieu (saint),yes,Matthieu (0001-0099 ; saint),http://data.bnf.fr/ark:/12148/cb11967639g,http://www.idref.fr/02768699X/id,none,none,none,none
servius,Maurus Honoratus Servius,yes,"Servius, Maurus Honoratus (0363?-03..)",http://data.bnf.fr/ark:/12148/cb12157706b,http://www.idref.fr/030091144/id,0363,0363,,
accurse,Accurse,yes,"Accurse, François (1182?-1260?)",http://data.bnf.fr/ark:/12148/cb12462276n,http://www.idref.fr/067055699/id,1182,1182,1260,1260
heytesbury,Guillaume  Heytesbury (d'),yes,Guillaume d'Heytesbury (1313?-1372?),http://data.bnf.fr/ark:/12148/cb12450614h,http://www.idref.fr/033661707/id,1313,1313,1372,1372
strabo,Strabon Walafrid,yes,Walafrid Strabon (0808?-0849),http://data.bnf.fr/ark:/12148/cb121410460,http://www.idref.fr/029876915/id,0808,0808,0849,0849
verro,Guillaume Ware (de),no,,,,1255,1255,1305,1305
curtius,Quinte-Curce,yes,Quinte-Curce (00..-00..),http://data.bnf.fr/ark:/12148/cb12023228h,http://www.idref.fr/028386604/id,0001,0099,0001,0099
martial,Martial,yes,Martial (0040?-0104?),http://data.bnf.fr/ark:/12148/cb11886893t,http://www.idref.fr/027383709/id,0040,0040,0104,0104
rhenanus,Beatus Rhenanus,yes,"Rhenanus, Beatus (1485-1547)",http://data.bnf.fr/ark:/12148/cb121572644,http://www.idref.fr/027935337/id,1485,1485,1547,1547
saumaise,Claude Saumaise ,yes,"Saumaise, Claude (1588-1653)",http://data.bnf.fr/ark:/12148/cb12003602h,http://www.idref.fr/027572919/id,1588,1588,1653,1653
halic,Denis d'Halicarnasse,yes,Denys d'Halicarnasse (006.? av. J.-C.-0007?),http://data.bnf.fr/ark:/12148/cb13091418v,http://www.idref.fr/02683281X/id,0060,0069,,
begat,Jean Begat,yes,"Bégat, Jean (1523-1572)",http://data.bnf.fr/ark:/12148/cb11999601w,http://www.idref.fr/18412168X/id,1523,1523,1572,1572
suetone,Suétone,yes,Suétone (0069?-0126?),http://data.bnf.fr/ark:/12148/cb119257294,http://www.idref.fr/027151387/id,0069,0069,0126,0126
fortin,Fortin,no,,,,none,none,none,none
castre,Paul de Castre,yes,Paolo da Castro (1360?-1441),http://data.bnf.fr/ark:/12148/cb12537300f,http://www.idref.fr/123494710/id,1360,1360,1441,1441
s-paul,Paul (saint),no,,,,0001,0099,0001,0099
lommeau,Pierre L'Hommeau (de),yes,"L'Hommeau, Pierre de (15..-16..)",http://data.bnf.fr/ark:/12148/cb13484387m,http://www.idref.fr/035562358/id,1500,1599,1600,1699
adrien,Adrien,no,,,,none,none,none,none
ranchin,Étienne Ranchin,no,,,,1510,1510,1583,1583
du-pineau,Gabriel Du Pineau,no,,,,1573,1573,1644,1644
grimauder,François Grimaudet,yes,"Grimaudet, François (1520-1580)",http://data.bnf.fr/ark:/12148/cb12459848j,http://www.idref.fr/033766290/id,1520,1520,1580,1580
aulus,Aulu-Gelle,yes,Aulu-Gelle (0123?-0180?),http://data.bnf.fr/ark:/12148/cb11886402k,http://www.idref.fr/026657112/id,0123,0123,0180,0180
plaute,Plaute,yes,Plaute (0254-0184 av. J.-C.),http://data.bnf.fr/ark:/12148/cb11887290c,http://www.idref.fr/026668092/id,-0254,-0254,-0184,-0184
antipater,Antipater de Thessalonique,no,,,,-0099,0001,0001,0099
zenon,Zénon,yes,Zénon (0430?-0491 ; empereur d'Orient),http://data.bnf.fr/ark:/12148/cb16003358v,http://www.idref.fr/06865815X/id,0430,0430,0491,0491
platon,Platon,yes,Platon (0427?-0348? av. J.-C.),http://data.bnf.fr/ark:/12148/cb11920019p,http://www.idref.fr/027076164/id,-0427,-0427,-0348,-0348
fulbert,Fulbert de Chartres,yes,Fulbert de Chartres (0960?-1028 ; saint),http://data.bnf.fr/ark:/12148/cb12197653d,http://www.idref.fr/030592313/id,0960,0960,1028,1028
buchanan,Georges Buchanan,yes,"Buchanan, George (1506-1582)",http://data.bnf.fr/ark:/12148/cb11983633v,http://www.idref.fr/027891917/id,1506,1506,1582,1582
smith,Thomas Smith,yes,"Smith, Thomas (1513-1577)",http://data.bnf.fr/ark:/12148/cb131641158,http://www.idref.fr/034691340/id,1513,1513,1577,1577
solon,Solon,yes,Solon (0640?-0561 av. J.-C.),http://data.bnf.fr/ark:/12148/cb13091860r,http://www.idref.fr/028829832/id,-0640,-0640,-0561,-0561
vadianus,Joachim Vadian,yes,"Vadian, Joachim (1484-1551)",http://data.bnf.fr/ark:/12148/cb12155343z,http://www.idref.fr/030912180/id,1484,1484,1551,1551
du-val,Nicolas Du Val,no,,,,1500,1599,1500,1599
robert,Anne Robert,yes,"Robert, Anne (1559-1618)",http://data.bnf.fr/ark:/12148/cb10253113w,http://www.idref.fr/175863598/id,1559,1559,1617,1617
leon,Léon VI,yes,Léon VI (0866-0912 ; empereur d'Orient),http://data.bnf.fr/ark:/12148/cb12086746s,http://www.idref.fr/02918892X/id,0866,0866,0912,0912
moise,Moïse,no,,,,none,none,none,none
basile,Basile de Césarée (saint),yes,Basile de Césarée (0329?-0379 ; saint),http://data.bnf.fr/ark:/12148/cb11890479x,http://www.idref.fr/026708426/id,0329,0329,0379,0379
leon-pape, Léon Ier,yes,Léon I (039.?-0461 ; pape),http://data.bnf.fr/ark:/12148/cb12094545m,http://www.idref.fr/029286638/id,0390,0399,,
froben,Froben,no,,,,none,none,none,none
conte,Antoine Le Conte,no,,,,1517,1517,1586,1586
ives-chartres,Yves de Chartres,yes,Yves de Chartres (1040?-1116 ; saint),http://data.bnf.fr/ark:/12148/cb123191896,http://www.idref.fr/032095546/id,1040,1040,1116,1116
pierre-blois,Pierre de Blois,yes,Pierre de Blois (1130?-1212?),http://data.bnf.fr/ark:/12148/cb12072861s,http://www.idref.fr/029013267/id,1130,1139,,
s-thomas,Thomas (saint),no,,,,none,none,none,none
fagius,Paul Fage,no,,,,1504,1504,1549,1549
josephe,Josephe,no,,,,none,none,none,none
balduin,Balduin,no,,,,none,none,none,none
clement-6,Clément VI,yes,Clément VI (1291-1352 ; pape),http://data.bnf.fr/ark:/12148/cb12410842g,http://www.idref.fr/067059333/id,1291,1291,1352,1352
ledema,Pedro Ledesma (de),yes,"Ledesma, Pedro de (1544-1616)",http://data.bnf.fr/ark:/12148/cb14416978g,http://www.idref.fr/07514316X/id,1544,1544,1616,1616
corradus,Pirro Corrado,no,,,,1602,1602,1666,1666
hostiensis,Henry Suze (de),yes,Henri de Suze (1200?-1271),http://data.bnf.fr/ark:/12148/cb13602038s,http://www.idref.fr/035603410/id,1200,1200,1271,1271
muret,Marc-Antoine Muret,yes,"Muret, Marc-Antoine (1526-1585)",http://data.bnf.fr/ark:/12148/cb11917265w,http://www.idref.fr/027043088/id,1526,1526,1585,1585
s-jeanbap,Jean-Baptiste (saint),no,,,,none,none,none,none
ambroise,Ambroise (saint),yes,Ambroise (0340?-0397 ; saint),http://data.bnf.fr/ark:/12148/cb11888642v,http://www.idref.fr/026684217/id,0340,0340,0397,0397
jean-8, Jean VIII,yes,Jean VIII (0820?-0882 ; pape),http://data.bnf.fr/ark:/12148/cb122880638,http://www.idref.fr/031716520/id,0820,0820,0882,0882
masius,André Maes,yes,"Maes, André (1514-1573)",http://data.bnf.fr/ark:/12148/cb121176992,http://www.idref.fr/029581559/id,1514,1514,1573,1573
drusius,Johannes Van Den Driessche,yes,"Drusius, Johannes (1550-1616)",http://data.bnf.fr/ark:/12148/cb12074206g,http://www.idref.fr/029031044/id,1550,1550,1616,1616
josue,Josué,no,,,,none,none,none,none
theophile,Théophile Antecessor,yes,Théophile Antecessor (05..-05..),http://data.bnf.fr/ark:/12148/cb13200047k,http://www.idref.fr/035144793/id,0500,0599,0500,0599
maximien,Maximien,no,,,,0250,0250,0310,0310
anast,Anastase I,yes,Anastase I (0431?-0518 ; empereur d'Orient),http://data.bnf.fr/ark:/12148/cb12066967w,http://www.idref.fr/028937325/id,0431,0431,0518,0518
du-faur,Pierre Faur de Saint-Jorry (du),yes,"Du Faur de Saint-Jorry, Pierre (1532?-1600)",http://data.bnf.fr/ark:/12148/cb133256680,http://www.idref.fr/067055982/id,1532,1532,1600,1600
fabrot,Charles-Annibal Fabrot,yes,"Fabrot, Charles-Annibal (1580-1659)",http://data.bnf.fr/ark:/12148/cb10585098f,http://www.idref.fr/07145425X/id,1580,1580,1659,1659
greg-3, Grégoire III,no,,,,0540,0540,0604,0604
paul-4,Paul IV ,yes,Paul IV (1476-1559 ; pape),http://data.bnf.fr/ark:/12148/cb123280218,http://www.idref.fr/058500693/id,1476,1476,1559,1559
cassiod,Cassiodore,yes,Cassiodore (0490?-0580?),http://data.bnf.fr/ark:/12148/cb121582004,http://www.idref.fr/030097703/id,0490,0490,0580,0580
ptolom,Bernard Ptolomée,no,,,,1272,1272,1348,1348
firmicus,Julius Firmicus Maternus,yes,"Firmicus Maternus, Julius",http://data.bnf.fr/ark:/12148/cb119028058,http://www.idref.fr/026865491/id,0300,0399,0400,0499
greg-5, Grégoire V,no,,,,0900,0999,,
canus,Melchior Canus,yes,"Cano, Melchor (1509?-1560)",http://data.bnf.fr/ark:/12148/cb12053873m,http://www.idref.fr/02877129X/id,1509,1509,1560,1560
bellar,Robert Bellarmin,yes,Robert Bellarmin (1542-1621 ; saint),http://data.bnf.fr/ark:/12148/cb11998039p,http://www.idref.fr/028072227/id,1542,1542,1621,1621
groperus,David Groper,no,,,,1500,1599,1600,1699
bannes,Bannés,no,,,,none,none,none,none
s-ignace,Ignace  de Loyola,yes,Ignace de Loyola (1491-1556 ; saint),http://data.bnf.fr/ark:/12148/cb11908177n,http://www.idref.fr/027325067/id,1491,1491,1556,1556
clem-alex,Clément d'Alexandrie,yes,Clément d'Alexandrie (0150?-021.?),http://data.bnf.fr/ark:/12148/cb11897014x,http://www.idref.fr/026791145/id,0150,0150,,
evariste,Évariste,no,,,,none,none,none,none
du-laurens,André Du Laurens,yes,"Du Laurens, André (1558-1609)",http://data.bnf.fr/ark:/12148/cb120007022,http://www.idref.fr/06717583X/id,1558,1558,1609,1609
xenophon,Xénophon,yes,"Vossius, Gerardus Joannes (1577-1649)",http://data.bnf.fr/ark:/12148/cb12080638f,http://www.idref.fr/029112540/id,-0430,-0430,-0355,-0355
plutarque,Plutarque,yes,Plutarque (0046?-0120?),http://data.bnf.fr/ark:/12148/cb119200813,http://www.idref.fr/027076784/id,0046,0046,0120,0120
hypocrate,Hippocrate,yes,Hippocrate (0460-0377 av. J.-C. ; médecin),http://data.bnf.fr/ark:/12148/cb119075525,http://www.idref.fr/027324885/id,-0460,-0460,-0377,-0377
hermogenien,Hermogénien,yes,Hermogenianus (02..-03..),http://data.bnf.fr/ark:/12148/cb15503557s,http://www.idref.fr/13035015X/id,0200,0299,0200,0299
roche-flavin,Bernard La Roche-Flavin (de),yes,"La Roche-Flavin, Bernard de (1552-1627)",http://data.bnf.fr/ark:/12148/cb13013902p,http://www.idref.fr/033809097/id,1552,1552,1627,1627
othon,Otton I,yes,Otton I (0912-0973 ; empereur germanique),http://data.bnf.fr/ark:/12148/cb11993715d,http://www.idref.fr/028016955/id,0912,0912,0973,0973
peleus,Julien Peleus,yes,"Peleus, Julien (15..-1625?)",http://data.bnf.fr/ark:/12148/cb121356363,http://www.idref.fr/02980910X/id,1550,1550,1625,1625
andreas,Jean André,yes,Johannes Andreae (1275?-1348),http://data.bnf.fr/ark:/12148/cb120944591,http://www.idref.fr/029285496/id,1275,1275,1348,1348
montholon,Montholon,no,,,,none,none,none,none
celse,Celse,no,,,,0100,0199,0100,0199
livius,Tite Live,no,,,,-0059,-0059,0027,0027
avicenne,Avicenne,yes,Avicenne (0980?-1037),http://data.bnf.fr/ark:/12148/cb11889658g,http://www.idref.fr/086202936/id,0980,0980,1037,1037
boece,Hector Boece,yes,"Agrippa, Henri Corneille (1486-1535)",http://data.bnf.fr/ark:/12148/cb11888193c,http://www.idref.fr/026678942/id,1465,1465,1536,1536
bonneton,Bonneton,no,,,,none,none,none,none
ammian,Marcellin Ammien,yes,Ammien Marcellin (0330?-0400?),http://data.bnf.fr/ark:/12148/cb118886885,http://www.idref.fr/026684942/id,0330,0330,0395,0395
herodote,Hérodote,yes,Hérodote (0484?-0420? av. J.-C.),http://data.bnf.fr/ark:/12148/cb119073789,http://www.idref.fr/085720917/id,-0484,-0484,-0420,-0420
bam,Bam.,no,,,,none,none,none,none
paulus,Paulus,yes,"Paulus, Julius (01..-02..)",http://data.bnf.fr/ark:/12148/cb12068940b,http://www.idref.fr/028962443/id,0100,0199,0200,0299
zepper,Wilhelm Zepper,no,,,,1550,1550,1607,1607
appo,Sidoine Apollinaire,yes,Sidoine Apollinaire (0431?-0487? ; saint),http://data.bnf.fr/ark:/12148/cb12159352w,http://www.idref.fr/027471381/id,0431,0431,0487,0487
beaumanoir,Philippe Beaumanoir (de),yes,"Beaumanoir, Philippe de (1250?-1296)",http://data.bnf.fr/ark:/12148/cb11890811d,http://www.idref.fr/02671258X/id,1250,1250,1296,1296
imbert,Jean Imbert,yes,"Imbert, Jean (1522?-159.?)",http://data.bnf.fr/ark:/12148/cb13519204r,http://www.idref.fr/08731097X/id,1522,1522,,
luca-penna,Lucas de Penna,yes,Luca (ca. 1320-ca. 1390 ; da Penne),http://data.bnf.fr/ark:/12148/cb10368438n,http://www.idref.fr/145625869/id,1305,1305,1390,1390
s-jerome, Jérôme (saint) ,yes,"Squarciafico, Girolamo (14..-15..)",http://data.bnf.fr/ark:/12148/cb12440405s,http://www.idref.fr/033546711/id,1400,1499,1500,1599
colombel,Colombel,no,,,,none,none,none,none
nicolas-pape,Nicolas I,no,,,,0800,0800,0867,0867
pape-lucius,pape Lucius,no,,,,none,none,none,none
heruet,Gentianus Hervetus ,yes,"Hervet, Gentian (1499-1584)",http://data.bnf.fr/ark:/12148/cb12448209j,http://www.idref.fr/033633983/id,1499,1499,1584,1584
oldendorpius,Johann Oldendorp,yes,"Oldendorp, Johann (1488-1567)",http://data.bnf.fr/ark:/12148/cb124004336,http://www.idref.fr/067056539/id,1488,1488,1567,1567
ennius,Quintus Ennius,yes,"Ennius, Quintus (0239-0169 av. J.-C.)",http://data.bnf.fr/ark:/12148/cb120078470,http://www.idref.fr/028193776/id,-0239,-0239,-0169,-0169
grotius,Hugo Grotius,yes,"Grotius, Hugo (1583-1645)",http://data.bnf.fr/ark:/12148/cb119854851,http://www.idref.fr/027914836/id,1583,1583,1645,1645
browerus,Christoph Brouwer,yes,"Brouwer, Christoph (1559-1617)",http://data.bnf.fr/ark:/12148/cb14469922m,http://www.idref.fr/086033956/id,1559,1559,1617,1617
catulle,Catulle,yes,Catulle (0087?-0052? av. J.-C.),http://data.bnf.fr/ark:/12148/cb118955751,http://www.idref.fr/02677254X/id,-0087,-0087,-0052,-0052
menochius,Jacopo Menochio,yes,"Menochio, Giacomo (1532-1607)",http://data.bnf.fr/ark:/12148/cb12872593z,http://www.idref.fr/136920438/id,1532,1532,1607,1607
vinnius,Arnold Vinnius,yes,"Vinnius, Arnold (1588-1657)",http://data.bnf.fr/ark:/12148/cb15003637k,http://www.idref.fr/075683679/id,1588,1588,1657,1657
buxtorf,Johann Buxtorf,yes,"Buxtorf, Johann (1564-1629 ; l'ancien)",http://data.bnf.fr/ark:/12148/cb12515988f,http://www.idref.fr/067055672/id,1564,1564,1629,1629
spanhem,Friedrich Spanheim,yes,"Spanheim, Friedrich (1600-1649)",http://data.bnf.fr/ark:/12148/cb150584943,http://www.idref.fr/11545988X/id,1600,1600,1649,1649
scaliger,Joseph-Juste Scaliger,yes,"Scaliger, Joseph-Juste (1540-1609)",http://data.bnf.fr/ark:/12148/cb119238900,http://www.idref.fr/02712522X/id,1540,1540,1609,1609
labbe,Gabriel Labbé de Montveron,yes,"Labbé de Montveron, Gabriel (15..-1615)",http://data.bnf.fr/ark:/12148/cb10705400p,http://www.idref.fr/250957973/id,1500,1599,,
marcellus,Marcellus,no,,,,none,none,none,none
neratius,Lucius Neratius Priscus,no,,,,0001,0099,0100,0199
lycurgue,Lycurgue,yes,Lycurgue (0390?-0324? av. J.-C.),http://data.bnf.fr/ark:/12148/cb13092606n,http://www.idref.fr/032965370/id,-0390,-0390,-0324,-0324
tournet,Jean Tournet,yes,"Tournet, Jean (16..?-16..)",http://data.bnf.fr/ark:/12148/cb12534901q,http://www.idref.fr/03461110X/id,1600,1699,1600,1699
thesaurus,Gaspare Antonio Tesauro,no,,,,1563,1563,1628,1628
boniface,Hyacinthe   Boniface (de),no,,,,1612,1612,1699,1699
silius,Tiberius Catius Silius Italicus,yes,"Silius Italicus, Tiberius Catius (0025?-0101)",http://data.bnf.fr/ark:/12148/cb11924756s,http://www.idref.fr/027138143/id,0025,0025,0101,0101
caton,Caton,yes,"Cato, Valerius (0090-0001 av. J.C.)",http://data.bnf.fr/ark:/12148/cb13320433k,http://www.idref.fr/034888446/id,-0090,-0090,-0001,-0001
s-luc,Luc (saint),no,,,,none,none,none,none
blondeau,Claude Blondeau,no,,,,1600,1699,,
aristophane,Aristophane,yes,Aristophane (0445?-0386? av. J.-C.),http://data.bnf.fr/ark:/12148/cb118890862,http://www.idref.fr/026690268/id,-0445,-0445,-0386,-0386
labeon,Labéon,no,,,,-0050,-0050,0020,0020
panorme,Niccolò Tedeschi,yes,"Tedeschi, Niccolo (1386-1445)",http://data.bnf.fr/ark:/12148/cb12532362s,http://www.idref.fr/06852837X/id,1386,1386,1445,1445
vigier,Jean Vigier,no,,,,1500,1599,,
buridan,Jean-Baptiste Buridan (de),yes,"Buridan, Jean-Baptiste de (1585?-1633)",http://data.bnf.fr/ark:/12148/cb12534834d,http://www.idref.fr/184908779/id,1585,1585,1633,1633
bourdin,Gilles Bourdin,yes,"Bourdin, Gilles (1517-1570)",http://data.bnf.fr/ark:/12148/cb135924079,http://www.idref.fr/25127344X/id,1517,1517,1570,1570
agustin,Antonio Agustín,yes,"Agustín, Antonio (1517-1586)",http://data.bnf.fr/ark:/12148/cb11885587t,http://www.idref.fr/026648113/id,1517,1517,1586,1586
trebatius,Bernardino Trebazio,yes,"Trebazio, Bernardino (1480-1548)",http://data.bnf.fr/ark:/12148/cb13485491c,http://www.idref.fr/068526830/id,1480,1480,1548,1548
clement-1,Clément I,yes,Clément I (00..-0097? ; pape),http://data.bnf.fr/ark:/12148/cb120508131,http://www.idref.fr/028732642/id,0001,0099,,
pompeius,Pompée,yes,Pompée (0075-0035 av. J.-C.),http://data.bnf.fr/ark:/12148/cb146224462,http://www.idref.fr/138971749/id,-0075,-0075,-0035,-0035
siculus,Siculus Flaccus,yes,Siculus Flaccus (01..-.... ; agriculteur),http://data.bnf.fr/ark:/12148/cb12289902s,http://www.idref.fr/031739792/id,0100,0199,0100,0199
amb-pare,Ambroise Paré,yes,"Paré, Ambroise (1509-1590)",http://data.bnf.fr/ark:/12148/cb12508902d,http://www.idref.fr/027292347/id,1509,1509,1590,1590
appius-claudius,Appius Claudius Caecus,no,,,,-0399,-0300,-0299,-0200
corderius,Gentil Cordier,yes,"Cordier, Gentil (15..-1620?)",http://data.bnf.fr/ark:/12148/cb168441442,http://www.idref.fr/23361009X/id,1500,1599,,
rainutius,Alamanno Rinuccini,yes,"Rainutius, Petrus",http://data.bnf.fr/ark:/12148/cb134833474,http://www.idref.fr/244954542/id,1419,1419,1499,1499
cornaens,Pier Filippo Corneo,yes,"Corneo, Pier Filippo (ca 1420 - ca 1493 ; juriste)",http://data.bnf.fr/ark:/12148/cb104966046,http://www.idref.fr/148775306/id,1420,1420,1493,1493
severe,Alexandre Sévère,yes,Sévère Alexandre (0208-0235),http://data.bnf.fr/ark:/12148/cb12194304n,http://www.idref.fr/030550076/id,0208,0208,0235,0235
alex-imola,Alessandro Tartagni,yes,"Tartagni, Alessandro (1424-1477)",http://data.bnf.fr/ark:/12148/cb12519535q,http://www.idref.fr/086034618/id,1424,1424,1477,1477
cassius,Dion Cassius,no,,,,0155,0155,0235,0235
angel,Angel,no,,,,none,none,none,none
tillet,Jean Du Tillet (sieur de La Bussière),yes,"Du Tillet, Jean (15..-1570 ; sieur de La Bussière)",http://data.bnf.fr/ark:/12148/cb121767295,http://www.idref.fr/030329442/id,1500,1509,,
clement-5,Clément V,yes,Clément V (126.-1314 ; pape),http://data.bnf.fr/ark:/12148/cb133203428,http://www.idref.fr/029243467/id,1260,1269,,
nicephore,Nicephore,no,,,,none,none,none,none
muncer,Muncer,no,,,,none,none,none,none
iudaus,Iudaus,no,,,,none,none,none,none
imola,Jean d'Imola,yes,Giovanni da Imola (137.-1436),http://data.bnf.fr/ark:/12148/cb13163964f,http://www.idref.fr/074730797/id,1300,1399,,
anchar,Anchar,no,,,,none,none,none,none
cremone,Liutprand de Crémone,yes,Liutprand de Crémone (0920?-0972?),http://data.bnf.fr/ark:/12148/cb12487309d,http://www.idref.fr/034080678/id,0920,0920,0972,0972
inno-1,Innocent I,yes,Innocent I (03..-0417 ; pape),http://data.bnf.fr/ark:/12148/cb11886601s,http://www.idref.fr/026659484/id,0300,0399,,
galien,Galien,no,,,,0131,0131,0201,0201
barbat,Étienne Victor  Barbat Du Closel,yes,"Barbat Du Closel, Etienne Victor (1764-1842)",http://data.bnf.fr/ark:/12148/cb10679813c,http://www.idref.fr/16741643X/id,1764,1764,1842,1842
timarchus,Timarchus,no,,,,none,none,none,none
martin-5,Martin V,yes,Martin V (1368-1431 ; pape),http://data.bnf.fr/ark:/12148/cb12131322m,http://www.idref.fr/059343249/id,1368,1368,1431,1431
calixte-3,Calixte III,yes,Calixte III (1378-1458 ; pape),http://data.bnf.fr/ark:/12148/cb144334701,http://www.idref.fr/060850302/id,1378,1378,1458,1458
jean-22,Jean XXII,yes,Jean XXII (1245-1334 ; pape),http://data.bnf.fr/ark:/12148/cb11988770j,http://www.idref.fr/029176557/id,1245,1245,1334,1334
greg-4,Grégoire IV,yes,Grégoire IV (0...-0844 ; pape),http://data.bnf.fr/ark:/12148/cb104712661,http://www.idref.fr/112625010/id,0700,0799,,
velleius,Caius Velleius Paterculus,yes,"Velleius Paterculus, Caius (0019? av. J.-C.-0031?)",http://data.bnf.fr/ark:/12148/cb11887817z,http://www.idref.fr/026674211/id,-0019,-0019,0031,0031
du-cange,Charles Du Cange,yes,"Du Cange, Charles Du Fresne (1610-1688 ; sieur)",http://data.bnf.fr/ark:/12148/cb12410963q,http://www.idref.fr/033221618/id,1610,1610,1688,1688
bardet,Pierre Bardet,yes,"Bardet, Pierre",http://data.bnf.fr/ark:/12148/cb127507687,http://www.idref.fr/070342156/id,1591,1591,1685,1685
la-roque,Gilles-André La Roque de La Lontière (de),no,,,,1598,1598,1686,1686
fortescue,John Fortescue,yes,"Fortescue, John (1394?-1476? ; juriste)",http://data.bnf.fr/ark:/12148/cb12342130g,http://www.idref.fr/032380461/id,1394,1394,1479,1479
auzanet,Barthélémy Auzanet,no,,,,1591,1591,1673,1673
sauvageau,Michel Sauvageau,no,,,,1600,1699,1700,1799
basnage,Henri Basnage,yes,"Basnage, Henri (1615-1695)",http://data.bnf.fr/ark:/12148/cb10711038h,http://www.idref.fr/086040138/id,1615,1615,1695,1695
pyrrhus,Jean Pyrrhus d'Angleberme,yes,"Angleberme, Jean Pyrrhus d' (1470?-1521)",http://data.bnf.fr/ark:/12148/cb133218259,http://www.idref.fr/075555522/id,1470,1470,1521,1521
husson,Martin Husson,no,,,,1600,1699,1700,1799
grimaudet,François Grimaudet,yes,"Grimaudet, François (1520-1580)",http://data.bnf.fr/ark:/12148/cb12459848j,http://www.idref.fr/033766290/id,1520,1520,1580,1580
galland,Auguste Galland,yes,"Galland, Auguste (1572-1641)",http://data.bnf.fr/ark:/12148/cb11994394p,http://www.idref.fr/02802544X/id,1572,1572,1637,1637
lefevre-laplanche,none,no,,,,1600,1699,,
guyot,Germain-Antoine Guyot,yes,"Guyot, Germain-Antoine (1694-1756)",http://data.bnf.fr/ark:/12148/cb12401855v,http://www.idref.fr/033120145/id,1694,1694,1750,1750
pothier,Robert-Joseph Pothier,yes,"Pothier, Robert Joseph (1699-1772)",http://data.bnf.fr/ark:/12148/cb125109527,http://www.idref.fr/034344942/id,1699,1699,1772,1772
jacquet,Pierre Jacquet,yes,"Jacquet, Pierre (16..-1766 ; avocat)",http://data.bnf.fr/ark:/12148/cb12502691k,http://www.idref.fr/151785635/id,1600,1699,,
boullenois,Louis Boullenois ,yes,"Boullenois, Louis (1680-1762)",http://data.bnf.fr/ark:/12148/cb10428004k,http://www.idref.fr/130349909/id,1680,1680,1762,1762
aguesseau,Henri-François Aguesseau (d'),yes,"Aguesseau, Henri-François d' (1668-1751)",http://data.bnf.fr/ark:/12148/cb118881952,http://www.idref.fr/026678977/id,1668,1668,1751,1751
hoveden,Roger de Hoveden ,yes,Roger de Hoveden (11..-1201?),http://data.bnf.fr/ark:/12148/cb12466977w,http://www.idref.fr/033854785/id,1100,1199,,
mabillon,Jean Mabillon,yes,"Mabillon, Jean (1632-1707)",http://data.bnf.fr/ark:/12148/cb12002850p,http://www.idref.fr/028133242/id,1632,1632,1707,1707
skinner,Stephen Skinner,no,,,,none,none,none,none
lauriere,Eusèbe Laurière (de),yes,"Laurière, Eusèbe de (1659-1728)",http://data.bnf.fr/ark:/12148/cb11994396c,http://www.idref.fr/028025466/id,none,none,none,none
coke,Edward Coke,yes,"Coke, Edward (1552-1634)",http://data.bnf.fr/ark:/12148/cb121234554,http://www.idref.fr/059782048/id,1552,1552,1634,1634
baluze,Étienne Baluze,yes,"Baluze, Étienne (1630-1718)",http://data.bnf.fr/ark:/12148/cb124433177,http://www.idref.fr/033580065/id,1630,1630,1718,1718
ascalon,Jean  Ibelin (comte d'Ascalon) (d'),yes,Jean d'Ibelin (1215-1266),http://data.bnf.fr/ark:/12148/cb121346701,http://www.idref.fr/067066763/id,1215,1215,1266,1266
thaumassiere,Gaspard Thaumas de La Thaumassière,yes,"Thaumas de La Thaumassière, Gaspard (1631-1702)",http://data.bnf.fr/ark:/12148/cb13474859j,http://www.idref.fr/035094206/id,1631,1631,1702,1702
perard,Estienne Pérard,no,,,,none,none,none,none
montesquieu,Montesquieu,yes,Montesquieu (1689-1755),http://data.bnf.fr/ark:/12148/cb119166485,http://www.idref.fr/027383881/id,1689,1689,1755,1755
robertson,William Robertson,no,,,,none,none,none,none
bretonnier,Barthélemy-Joseph Bretonnier,yes,"Bretonnier, Barthélemy Joseph (1656-1727)",http://data.bnf.fr/ark:/12148/cb10658561r,http://www.idref.fr/069432317/id,1656,1656,1722,1722
froland,Louis Froland,yes,"Froland, Louis (1656-1746)",http://data.bnf.fr/ark:/12148/cb125025512,http://www.idref.fr/034250697/id,1656,1656,1746,1746
berroyer,Claude Berroyer,yes,"Berroyer, Claude (1655-1735)",http://data.bnf.fr/ark:/12148/cb144170307,http://www.idref.fr/070211515/id,1655,1655,1735,1735
henrys,Claude Henrys,yes,"Henrys, Claude (1615-1662)",http://data.bnf.fr/ark:/12148/cb14405919h,http://www.idref.fr/071044647/id,1615,1615,1662,1662
fleury,Claude Fleury  ,yes,"Fleury, Claude (1640-1723)",http://data.bnf.fr/ark:/12148/cb124599940,http://www.idref.fr/033770158/id,1640,1640,1723,1723
bouhier,Jean Bouhier,yes,"Bouhier, Jean (1673-1746)",http://data.bnf.fr/ark:/12148/cb11893236t,http://www.idref.fr/026743000/id,1673,1673,1746,1746
dubos,Jean-Baptiste Dubos,yes,"Dubos, Jean-Baptiste (1670-1742)",http://data.bnf.fr/ark:/12148/cb12171073h,http://www.idref.fr/03025566X/id,1670,1670,1742,1742
pasquier,Étienne Pasquier,yes,"Pasquier, Étienne (1529-1615)",http://data.bnf.fr/ark:/12148/cb12027737t,http://www.idref.fr/028443136/id,1529,1529,1615,1615
gillet,Gillet,no,,,,none,none,none,none
domat,Jean Domat,yes,"Domat, Jean (1625-1696)",http://data.bnf.fr/ark:/12148/cb12198127q,http://www.idref.fr/030598451/id,1625,1625,1696,1696
denisart,jean-Baptiste Denisart,yes,"Denisart, Jean-Baptiste (1713-1765)",http://data.bnf.fr/ark:/12148/cb14409560t,http://www.idref.fr/059401486/id,1713,1713,1765,1765
du-perray,Michel Du Perray,yes,"Du Perray, Michel (1640?-1730)",http://data.bnf.fr/ark:/12148/cb16720593t,http://www.idref.fr/069381291/id,1640,1640,1730,1730
forget,Germain Forget,no,,,,1500,1599,,
van-espen,Zeghert Bernhard Van Espen,yes,"Van Espen, Zeghert Bernhard (1646-1728)",http://data.bnf.fr/ark:/12148/cb124215601,http://www.idref.fr/033339848/id,1646,1646,1728,1728
hericourt,Louis Héricourt du Vatier (d'),yes,"Héricourt du Vatier, Louis d' (1687-1752)",http://data.bnf.fr/ark:/12148/cb14417020x,http://www.idref.fr/08603295X/id,1687,1687,1752,1752
augeard,Mathieu Augeard,yes,"Augeard, Mathieu (1673-1751)",http://data.bnf.fr/ark:/12148/cb129157637,http://www.idref.fr/071046313/id,1673,1673,1751,1751
cochin,Henri Cochin,yes,"Cochin, Henri (1687-1747)",http://data.bnf.fr/ark:/12148/cb134754857,http://www.idref.fr/035133058/id,1687,1687,1747,1747
peyrere,Isaac La Peyrère,yes,"La Peyrère, Isaac de (1594-1676)",http://data.bnf.fr/ark:/12148/cb11965762s,http://www.idref.fr/027663671/id,1590,1599,,
henault,Charles-Jean-François Hénault ,yes,"Hénault, Charles-Jean-François (1685-1770)",http://data.bnf.fr/ark:/12148/cb12515502s,http://www.idref.fr/034395156/id,1685,1685,1770,1770
devolant,Devolant (ie : Frain),yes,"Frain, Sébastien",http://data.bnf.fr/ark:/12148/cb12543955m,http://www.idref.fr/059535571/id,1500,1599,,
renusson,Philippe Renusson (de),no,,,,1632,1632,1669,1669
bengi,Antoine Bengi,no,,,,1564,1564,1616,1616
pinsson,François Pinsson,yes,"Pinsson, François (1612-1691)",http://data.bnf.fr/ark:/12148/cb129157606,http://www.idref.fr/132931621/id,1612,1612,1691,1691
ferriere,Claude Ferrière (de),yes,"Ferrière, Claude de (1639-1715)",http://data.bnf.fr/ark:/12148/cb125177213,http://www.idref.fr/034419756/id,1639,1639,1715,1715
le-brun,Denis Le Brun,no,,,,1640,1640,1708,1708
camus,Bertrand Louis  Le Camus d Houlouve,no,,,,none,none,none,none
pocquet,Claude Pocquet de Livonnière,yes,"Pocquet de Livonnière, Claude (1652-1726)",http://data.bnf.fr/ark:/12148/cb15540243c,http://www.idref.fr/058568794/id,1652,1652,1726,1726
salisbury,Jean de Salisbury,yes,Jean de Salisbury (1115?-1180),http://data.bnf.fr/ark:/12148/cb119843458,http://www.idref.fr/027901173/id,1115,1115,1180,1180
guillaume-tyr,Guillaume de Tyr,yes,Guillaume de Tyr (1130?-1186),http://data.bnf.fr/ark:/12148/cb11906346f,http://www.idref.fr/026908522/id,1130,1130,1186,1186
rigord,Rigord,no,,,,none,none,none,none
taisand,Pierre Taisand,yes,"Taisand, Pierre (1644-1715)",http://data.bnf.fr/ark:/12148/cb14338492c,http://www.idref.fr/160245729/id,1644,1644,1715,1715
nicod,Nicod,no,,,,none,none,none,none
duplessis,Claude Duplessis,no,,,,none,none,none,none
chantreau,Chantreau,no,,,,none,none,none,none
richer,François Richer,yes,"Richer, François (1718-1790)",http://data.bnf.fr/ark:/12148/cb12153130k,http://www.idref.fr/03003258X/id,1718,1718,1790,1790
poullain,Auguste-Marie Poullain Du Parc,no,,,,1703,1703,1782,1782
bosquet,Bosquet,no,,,,1700,1799,,
auroux,Mathieu Auroux des Pommiers,yes,"Auroux des Pommiers, Mathieu (1670-1742)",http://data.bnf.fr/ark:/12148/cb10691118n,http://www.idref.fr/178709980/id,1670,1670,1742,1742
soefve,Lucien Soefve,no,,,,1600,1699,1600,1699
gousset,Jean Gousset,no,,,,none,none,none,none
brillon,Pierre-Jacques Brillon,yes,"Brillon, Pierre-Jacques (1671-1736)",http://data.bnf.fr/ark:/12148/cb12005067x,http://www.idref.fr/028160460/id,1671,1671,1736,1736
boucheul,Joseph Boucheul,yes,"Boucheul, Joseph (1639-1706)",http://data.bnf.fr/ark:/12148/cb10387404h,http://www.idref.fr/070358648/id,1639,1639,1706,1706
catelan,Jean Catellan (de),yes,"Catellan, Jean de (1617-1700)",http://data.bnf.fr/ark:/12148/cb14407988t,http://www.idref.fr/086040405/id,1617,1617,1700,1700
vedel,Gabriel Vedel (de),no,,,,none,none,none,none
morgues,Jacques Morgues,yes,"Morgues, Jacques (16..-16..? ; avocat)",http://data.bnf.fr/ark:/12148/cb12503809b,http://www.idref.fr/067069614/id,none,none,none,none
erard,Claude Érard,yes,"Érard, Claude (1646-1700)",http://data.bnf.fr/ark:/12148/cb102978995,http://www.idref.fr/191623121/id,1646,1646,1700,1700
dunod,François-Ignace Dunod de Charnage,yes,"Dunod de Charnage, François-Ignace (1679-1752)",http://data.bnf.fr/ark:/12148/cb124478496,http://www.idref.fr/067056555/id,1679,1679,1752,1752
everard,Étienne Éverard,no,,,,none,none,none,none
hevin,Pierre Hévin,yes,"Hévin, Pierre (1621-1692)",http://data.bnf.fr/ark:/12148/cb13484946p,http://www.idref.fr/035591552/id,1621,1621,1692,1692
renauldon,Joseph Renauldon,no,,,,none,none,none,none
valentinien,Valentinien,no,,,,0419,0419,0455,0455
furgole,Jean-Baptiste Furgole,yes,"Furgole, Jean-Baptiste (1690-1761)",http://data.bnf.fr/ark:/12148/cb13168299c,http://www.idref.fr/035115947/id,1690,1690,1761,1761
bertheaume,Bertheaume,no,,,,none,none,none,none
greard,Louis Gréard,yes,"Gréard, Louis (....-1686)",http://data.bnf.fr/ark:/12148/cb125025454,http://www.idref.fr/138455643/id,1600,1699,,
boucher-argis,Antoine-Gaspard Boucher d'Argis,yes,"Boucher d'Argis, Antoine-Gaspard (1708-1791)",http://data.bnf.fr/ark:/12148/cb12247338t,http://www.idref.fr/031215203/id,1708,1708,1791,1791
gothofredus,Denis Godefroy,yes,"Godefroy, Denys (1549-1622)",http://data.bnf.fr/ark:/12148/cb12757108d,http://www.idref.fr/030177901/id,1549,1549,1622,1622
maillard,Maillard,no,,,,none,none,none,none
valin,René-Josué Valin,yes,"Valin, René-Josué (1695-1765)",http://data.bnf.fr/ark:/12148/cb13507820z,http://www.idref.fr/050249932/id,1695,1695,1765,1765
savaron,Jean Savaron,yes,"Savaron, Jean (1566-1622)",http://data.bnf.fr/ark:/12148/cb12459756w,http://www.idref.fr/033764514/id,1566,1566,1622,1622
pie-5,Pie V,yes,Pie V (1504-1572 ; pape),http://data.bnf.fr/ark:/12148/cb11919954n,http://www.idref.fr/027075516/id,1504,1504,1572,1572
bruneau,Antoine Bruneau,yes,"Bruneau, Antoine (1640-1720)",http://data.bnf.fr/ark:/12148/cb107044113,http://www.idref.fr/092398804/id,1640,1640,1720,1720
gouget,Nicolas Gouget,no,,,,none,none,none,none
avezan,Jean Avezan (d'),no,,,,none,none,none,none
desgodets,Antoine Desgodets,yes,"Desgodets, Antoine (1653-1728)",http://data.bnf.fr/ark:/12148/cb12077607n,http://www.idref.fr/02907469X/id,1653,1653,1728,1728
goupy,Claude-Martin Goupy,no,,,,1720,1720,1793,1793
laurens-valle,Lorenzo Valla,yes,"Valla, Lorenzo (1407-1457)",http://data.bnf.fr/ark:/12148/cb11927487z,http://www.idref.fr/027174697/id,1406,1406,1457,1457
leon-10,Léon X,yes,Léon X (1475-1521 ; pape),http://data.bnf.fr/ark:/12148/cb11682016v,http://www.idref.fr/070725721/id,1475,1475,1521,1521
baleus,John Bale ,yes,"Bale, John (1495-1563)",http://data.bnf.fr/ark:/12148/cb12044241c,http://www.idref.fr/028650891/id,1495,1495,1563,1563
romanus,Ludovico Pontano,yes,"Pontano, Ludovico (1409-1439)",http://data.bnf.fr/ark:/12148/cb12531161n,http://www.idref.fr/16111007X/id,1409,1409,1439,1439
azo,Azo,yes,Azon (09..-1007),http://data.bnf.fr/ark:/12148/cb13164147w,http://www.idref.fr/034717242/id,1100,1199,,
haloander,Gregor Haloander ,yes,"Haloander, Gregor (14..-1531?)",http://data.bnf.fr/ark:/12148/cb120551092,http://www.idref.fr/067721370/id,1400,1499,,
clement-7,Clément VII,yes,Clément VII (1478-1534 ; pape),http://data.bnf.fr/ark:/12148/cb13623902x,http://www.idref.fr/072315563/id,1478,1478,1534,1534
gillotus,Jacques Gillot,yes,"Gillot, Jacques (1550?-1619)",http://data.bnf.fr/ark:/12148/cb13486178k,http://www.idref.fr/035645903/id,1550,1550,1619,1619
pomponius,Sextus Pomponius,no,,,,0100,0199,0100,0199
crinitus,Pietro Riccio Crinitp,yes,"Crinito, Pietro Riccio (1465-1505)",http://data.bnf.fr/ark:/12148/cb12215803f,http://www.idref.fr/066972213/id,1465,1465,1505,1505
